-0.238324779007, -0.779861371327, -0.766720909614, 0.0131438006049, 0.184581479728
0.744644066506, -0.632356384473, -0.692240888421, 0.720327325194, -0.844287623166
-0.185883263999, -0.92785167252, 0.220147003422, -0.300281503924, -0.835495837454
-0.700001022883, -0.744113395409, 0.550462259392, 0.202319636895, 0.913687762549
-0.528440229586, -0.580238489404, 0.53194888861, 0.605555242184, -0.204750943728
0.385349201, -0.75171821113, 0.279635020301, -0.617028974431, 0.881776047028
0.810482629556, -0.266948038128, 0.484223721644, 0.0601269598999, 0.166260160282
0.988012840602, -0.297553322144, -0.281035810208, 0.288304341185, -0.633615859979
0.567605449924, -0.690811262903, 0.798390703379, -0.49824434683, -0.999905519294
-0.169352584503, 0.966965268714, 0.00598319160815, -0.766050420186, 0.192043300364
-0.247997614684, 0.575140445847, 0.638471753982, 0.221044209185, 0.890049393266
0.912572506803, -0.962402076205, 0.345363807725, -0.661606712384, 0.38087370576
-0.531040269603, -0.808849996858, -0.426213292742, 0.0733914150634, -0.377902532029
0.209410253398, -0.892037724664, 0.096346194226, 0.365451340918, -0.80341407814
-0.376419064249, 0.835560156319, 0.578349519882, -0.385430198421, 0.785708477079
0.0997222015089, 0.356220335407, 0.835525749225, 0.360603330107, -0.947788274506
-0.776784614007, -0.5413086601, -0.575288018341, -0.693128343219, -0.914268912654
0.239600822254, -0.696878384678, -0.0125233329893, -0.527678462912, 0.536160124333
0.729347630013, -0.024988349651, 0.531412217286, 0.12438496747, 0.678238589353
0.197760058518, -0.655498693233, 0.998128698927, 0.521015661415, 0.26067862522
-0.475309073377, -0.416229712109, -0.878692139357, -0.899871711764, 0.999940958481
0.187103303683, 0.930057730591, 0.401600910523, -0.510267627961, 0.977963784956
0.990540103288, 0.448017720725, 0.469368721399, 0.769203594353, -0.915608253242
-0.246773402943, 0.92016562165, -0.523952792024, -0.553650178409, 0.22922844147
0.0576284946128, 0.480732639339, -0.235593689899, -0.643591547018, 0.841692340748
0.667747668645, -0.7308887968, 0.404695520466, 0.821961724936, -0.965639621517
-0.753856721103, 0.894423824976, 0.864592486958, 0.669815990547, -0.0585684571065
-0.225573164548, -0.880780819035, 0.958979168106, 0.431371751706, -0.461991698431
-0.647688597455, -0.109835364661, -0.230967612214, -0.560016400857, 0.974698844105
-0.204471416289, 0.121484351677, 0.63305708864, -0.296580321338, 0.759875867829
-0.430935559607, -0.341049732027, 0.15518798788, -0.416410023358, -0.265294957469
-0.704010656872, 0.433985702494, 0.368248492461, 0.948658163162, -0.73068929955
-0.752275566572, 0.440891306771, 0.322841985646, -0.20859868362, -0.76348238262
0.333787180801, -0.273118459321, -0.497805584049, -0.988213590251, 0.0695243448366
-0.452431671529, -0.403816124285, 0.248453439721, 0.246920366306, -0.935457200553
-0.541994160476, -0.85711823583, 0.918622666847, -0.463529465578, -0.648892069536
-0.75785864764, 0.16196244962, -0.186835847665, -0.924664921829, -0.999961795303
-0.487013781585, -0.086489458123, -0.509389540126, 0.676423789302, -0.575947029844
-0.0329561937745, -0.514525948726, -0.340700004623, 0.411717719142, 0.590480577295
-0.387500852663, -0.471724197519, -0.898095411921, -0.378646284942, -0.948682978393
-0.576733290384, -0.14314066007, -0.911813918911, 0.844626331228, 0.99057830217
-0.282187517396, -0.527358479084, -0.622105240143, 0.397970342125, 0.451899152465
0.346481956569, -0.326879634218, -0.230256564127, 0.511610563148, 0.782075506704
-0.00246285250373, -0.917606636065, -0.567456662149, -0.356743525035, 0.913252891252
0.983636321, -0.660242060675, -0.924292224217, -0.673050448919, 0.424314491422
-0.0788255137792, 0.694875406071, -0.892950397829, 0.976566437483, 0.786098286715
0.975240521425, -0.599759673667, -0.994067547829, 0.878755074392, 0.763833984965
0.605938731125, 0.75539412847, -0.273589026077, 0.455920146347, 0.568513619612
0.156111200391, 0.869994906799, -0.133538052893, -0.5740798393, 0.925243315795
-0.678901213171, -0.907146941323, -0.193427541433, -0.789045221332, -0.266825150054
0.918851477357, 0.0633169651716, 0.506291681152, 0.387741612793, 0.995592681651
0.0412233315538, -0.433203833562, -0.582237165556, 0.386336886047, 0.762033494201
-0.0270192269121, -0.781039126831, -0.972404755518, 0.276561867028, -0.774477335475
0.893981567551, 0.740025258087, 0.69253369809, -0.795806980177, -0.431460773474
0.0185283528584, -0.670818923129, -0.204541956606, 0.369717855005, -0.468085699539
0.818856325531, -0.927069289838, 0.563834687824, -0.0711339523245, 0.825254344425
0.797569142901, -0.385106066354, 0.0444113303036, -0.764501779146, 0.194821071906
-0.425590788489, 0.0255820369634, -0.183412357776, 0.219003230475, -0.959668010866
0.83967668925, 0.401920454521, -0.274469723959, -0.142278756646, -0.998748176185
-0.913906975664, -0.686964218462, -0.883975958488, -0.434662864454, -0.910695083875
-0.0772600098616, 0.762213486511, 0.829038266321, -0.522454717028, -0.930681509076
-0.289576080046, 0.251869276157, 0.487267653167, -0.148384520269, 0.37204594056
-0.583387139502, -0.535946547019, -0.561367685159, 0.417214568656, 0.757637846408
-0.691650007171, -0.248681439578, -0.484574456837, -0.644345975066, -0.206738019253
0.34621002029, 0.419026865638, 0.64145145599, 0.152179364676, 0.952524009987
0.480207407086, 0.773457922847, 0.560756058073, 0.992918403533, 0.396449256624
-0.259438250485, 0.950032474002, 0.555496615246, -0.605453700462, -0.35486871936
-0.224043862048, 0.561311492164, 0.824200067193, 0.967263411246, 0.990003069388
-0.491106027595, 0.620046271188, -0.575307497908, 0.504840687396, 0.198614985981
-0.5561226765, -0.365226140589, 0.28840359211, 0.0184150613097, -0.968494532525
0.517399392865, -0.139924594332, -0.0959054208173, -0.0285028780278, 0.539870511114
-0.619839013823, -0.168955515379, -0.534250085124, -0.265855408141, 0.950562214158
0.766953292998, -0.589266514357, 0.770327089351, 0.84566454838, 0.429214605876
0.930875693915, 0.803120790648, -0.436380189517, 0.905897461461, -0.807757072852
0.537597264732, -0.0543433880614, 0.779011121897, -0.190260392734, -0.164354923961
-0.237017698491, -0.143580545144, 0.309945805108, -0.741472054101, -0.181469278066
0.393925338309, 0.286668997666, 0.242766277995, -0.159532766266, -0.972125804358
0.634093579207, -0.973169800606, -0.351013819598, -0.667806555239, 0.30468175401
-0.540131149402, 0.24996271966, -0.966075451833, -0.844498990027, 0.965052070142
0.993597563424, 0.672327313558, -0.558861988487, 0.886310955184, -0.494819248928
0.00485878942665, -0.887669968019, -0.930611980145, -0.765581168197, 0.869879303735
0.304492429553, 0.260591291792, -0.706686855156, 0.270547565665, 0.283011657746
-0.329140265501, 0.986632545958, 0.821642168273, -0.122433100487, -0.4378071228
0.909236578361, -0.486194697252, -0.017028782121, 0.459751325925, -0.111490869415
-0.246694538427, 0.102547479477, -0.0636886042416, 0.00977897059102, 0.799490500561
0.267829285185, -0.435386258157, 0.451255291496, -0.0871356143935, -0.116215059322
-0.29573175689, 0.362177552553, 0.824446074979, -0.551446175261, -0.880484761946
0.240736770541, 0.0819795863037, 0.805491510819, -0.0708451203333, -0.229952172782
0.411563293838, 0.449917571297, -0.872337654503, -0.453907983933, -0.917572446291
-0.859643683882, 0.61427935236, 0.391593709754, 0.3123387622, 0.292284010187
0.136635358202, -0.239506817651, 0.0649254989263, -0.57073216985, 0.858195051608
-0.604070541395, -0.196604000269, -0.572540503973, -0.952521294838, 0.117655365429
-0.168355183978, -0.824584698783, 0.736215229679, -0.427909433916, -0.614231990367
-0.0213582616136, 0.596988188234, -0.673759759669, 0.00134615241742, 0.898513246839
0.230053391434, 0.248133912621, 0.970162340649, -0.839490614797, 0.965582003273
0.445575596348, 0.697369934011, -0.00329866548398, -0.460690437452, -0.105171654035
0.751950805944, -0.624771460943, -0.831969211128, 0.273214376732, -0.785087750585
0.764203885467, -0.261073690611, -0.129810616647, 0.736209086297, 0.369363231692
0.959614701817, 0.368218181258, 0.335829981043, -0.0517023129916, -0.967341420697
0.23154575754, -0.595454979984, -0.678582721635, -0.380189589633, 0.0756150144016
0.320041133315, -0.707827984642, -0.569343968654, -0.318569890441, 0.971119189813
-0.485743967131, -0.0376826455578, -0.601245162178, 0.156827284245, 0.997581201752
-0.980195000089, 0.561621738162, -0.244118308145, 0.0912232138061, -0.859996310745
-0.773223510265, 0.403785782342, 0.0450884003475, 0.0303642064377, 0.855855126589
0.282331896419, 0.894865418176, 0.500201092027, -0.956601304378, -0.19938220246
0.480461307274, -0.267119288938, -0.0628591920316, 0.283362503348, -0.971555390571
-0.594616898948, 0.614013314885, 0.63539044304, 0.924699944989, 0.222142456066
-0.769355836525, -0.129393703232, -0.271109693821, -0.948595571151, -0.904329000917
0.789568681405, 0.266203673422, 0.409101491027, -0.693564354813, -0.197022102154
-0.24275836582, 0.770037639, 0.210827233029, 0.391857649766, -0.259653927453
0.657860774126, -0.935948969703, 0.619370737002, 0.629906958616, -0.830530697225
-0.292612871472, -0.310438679123, 0.144811675692, -0.0817097107064, -0.0918098479047
0.155937883547, 0.947437474425, 0.350147077085, 0.24627552637, -0.418292069821
0.332104475301, 0.0649450444684, 0.301202557455, 0.668042759042, 0.502013402322
-0.422193631569, -0.0904472686396, -0.987667927475, 0.943298727179, 0.461394861653
-0.328850476442, 0.951427631184, 0.730958380975, 0.682478331454, -0.83886249195
0.00139919838674, 0.898666835051, 0.514278938019, 0.812643128413, -0.981577401108
-0.650671539867, 0.634880150955, -0.986131953897, 0.0394433708454, -0.902857290627
-0.366655282396, 0.361480602439, -0.773351285225, -0.0430127017019, 0.108303637403
-0.875933764912, -0.870400847929, 0.466466997732, -0.735461236498, -0.754687993809
-0.676924569697, -0.000247722792994, 0.211047889501, -0.256768978837, -0.983459590486
-0.845615849665, -0.424432621576, -0.257478256153, -0.388580895885, -0.0509276233844
0.61612339951, -0.652122990267, 0.783066784277, -0.322494867716, -0.576765758355
0.90321948909, 0.769808862427, -0.368323578042, -0.855979537621, -0.994368509241
-0.833982859058, 0.860700453105, -0.0222534205594, 0.154346978942, 0.0113665505907
-0.600129761202, -0.551061189952, 0.914568814431, 0.592907721108, -0.0959965134481
-0.180353215581, 0.620652300978, 0.984362397799, 0.626684744644, 0.623826533595
0.907677729553, 0.112260327942, -0.813341969733, 0.132306549114, -0.376807320783
0.43492663971, 0.967875020006, 0.163543479745, -0.716000694867, 0.487804047284
0.517555658882, -0.369747525013, 0.393368895453, 0.108620510901, -0.590346695644
0.83425801759, 0.288798882569, -0.0485693428847, -0.443147649949, -0.251641283765
0.508848327966, -0.858040910412, -0.0415383701506, 0.273157843408, -0.929178730234
-0.469170545528, 0.162836188464, -0.269664197071, 0.105375828606, -0.969802858594
0.386211224722, 0.23861289919, 0.3551050507, -0.3803147202, 0.471392011261
-0.518389474331, 0.718437601046, -0.761663787132, -0.834979263057, 0.301526469429
-0.750179082622, -0.277634738826, 0.802665164312, -0.247816311241, -0.519717351189
-0.988631701605, -0.448409829743, -0.686509300227, 0.808354237249, -0.380408469689
0.0996663955634, -0.0669604987117, 0.0192578921238, 0.00274370590229, 0.981139867524
0.684274158884, -0.610406918347, -0.35706599245, 0.382560992919, 0.497461244198
-0.771960852159, 0.0674340212373, 0.639241770596, 0.158693654104, 0.954365526361
-0.865788773894, 0.680716212838, 0.0744372685807, 0.446966531273, -0.180174767473
-0.630522694647, -0.152914437123, 0.572539866789, 0.729424770453, -0.988485147204
0.183301174082, -0.874570431736, -0.498275898927, -0.347855062947, 0.978789900308
-0.95129445322, -0.0608047912175, -0.197311697139, 0.467819435063, 0.356840202153
0.264751673103, -0.954202749892, -0.564969092676, 0.825518316094, -0.837243113567
0.830503589533, 0.391485838481, 0.273543189884, -0.4645223416, 0.62755405566
-0.567148108099, 0.466891886944, -0.240270730376, 0.434054012684, 0.246230818565
-0.9118130025, -0.760515045879, 0.343420137112, 0.138580966579, -0.846363022997
0.550434733, 0.461345211555, -0.0620675715439, -0.590033221476, 0.939270683928
-0.769715057244, 0.437660863358, -0.490924006229, 0.0322983073702, 0.205979214933
-0.42089449816, -0.446343571859, -0.551085574975, 0.405230023385, 0.848746950801
0.861577317308, 0.243167270489, -0.607516731422, 0.0499828999214, 0.982474957631
-0.219104780166, 0.774460709671, 0.555313257719, -0.963426089645, 0.12418808999
0.023198926673, -0.670383586622, -0.199951774179, 0.147621318451, -0.792328630494
0.459439259495, 0.268712178337, 0.463006614414, 0.838776074247, -0.987850684699
-0.381556202479, 0.367588549774, -0.756542678258, -0.909093187872, 0.738972437698
-0.13991509134, 0.413247206327, -0.513126599078, 0.668606758486, -0.543120662072
-0.547840193211, 0.0234633181623, -0.407618509285, 0.393575999228, 0.815609508033
-0.414588139613, 0.308663184403, -0.244814151415, -0.348451750518, -0.438417956849
-0.213773342666, 0.123898317991, -0.863650154531, -0.719560273303, 0.243218536668
0.150676921816, 0.937194998517, 0.254541430696, -0.230638350711, -0.957292856837
0.885928090166, -0.0557283459878, 0.634880237502, 0.341870744458, 0.599787914587
-0.834963059784, -0.408744659106, -0.468424867384, 0.662384972895, -0.255941255417
-0.123436785854, -0.985647885553, 0.503418261842, -0.636090911024, -0.255142092845
0.0354265763804, 0.960274980416, -0.00330116043161, 0.381411361254, -0.782164694497
0.384469628478, 0.274936484803, 0.743185007077, -0.0694254542582, 0.379980042606
-0.312101956018, 0.120818683918, 0.602789025176, -0.699769308932, -0.982228945207
0.0642275803897, 0.951766028872, 0.647494612745, -0.362955574469, 0.417905263134
-0.594016709448, -0.377356397442, 0.748397933393, 0.36141868774, -0.441251354938
-0.483018140059, -0.926695754825, -0.888903969247, 0.476169117272, -0.790418147193
-0.871094002056, 0.17829174321, -0.629877115214, 0.625547042377, -0.853809934396
-0.795107037942, -0.927022852866, 0.92566811431, -0.945925608244, 0.784708444346
0.633564870668, -0.607747158225, -0.318321147805, -0.850681410306, -0.942120251395
-0.435556888444, -0.941393011583, 0.109148639585, -0.461820259697, 0.0330383667495
0.138889012344, -0.75542069165, 0.787260100608, -0.797366853684, 0.208125659385
-0.825765412503, 0.585865165152, 0.241134497245, -0.982850005521, -0.767924217339
0.0932418932441, -0.983766732608, -0.939334039146, -0.141371354498, -0.997237320825
0.630570200425, 0.882007737373, -0.741990887901, 0.488366755673, -0.856722602642
0.608302935006, 0.994366734224, -0.447190859266, -0.239629082022, 0.353292970468
-0.875327987738, 0.891587014424, -0.981017148465, -0.356384277677, -0.529592912599
0.850122958838, 0.299165064917, 0.20731303794, 0.623415131101, 0.959201252884
0.892499058787, -0.673607521656, -0.0877538936641, 0.977968538637, -0.923304259315
0.306645937653, -0.434292713794, -0.914044305702, 0.16997545539, -0.99186568866
0.236586571281, -0.282963853489, -0.981677435398, -0.211529279383, -0.815438733669
-0.759705959978, 0.478652584661, 0.79115822022, 0.189038174365, -0.276652126639
-0.543337982141, 0.75838734899, -0.311706796677, 0.230200009727, -0.742924414555
-0.128414577173, 0.582821877788, 0.567699397044, 0.716342295573, -0.959774589161
-0.398311505742, -0.271982427061, 0.268593570657, -0.219414558245, -0.947130979626
0.666041139662, -0.408243126492, 0.015660664482, 0.0923594350994, 0.592387278968
-0.0417908918519, 0.874063155878, -0.592008371442, 0.1561993885, 0.987146727102
0.988650190459, -0.0865325378421, -0.303215449556, -0.89389100246, -0.999896327331
-0.920690748385, -0.918315492589, 0.276088409333, 0.291239881756, -0.643714111688
0.258753045033, 0.0998251965977, -0.996038730878, 0.336866680584, -0.462625512643
-0.589143702096, 0.635322233929, 0.542854658133, 0.99503586183, 0.332801271435
-0.394688116013, -0.790353850882, -0.865928935134, -0.0634422424015, -0.736929771942
0.378634817084, 0.586165493274, -0.872744240302, -0.75276371481, 0.505335293425
-0.0455684619812, 0.481270859442, -0.25176880709, -0.950974538487, -0.916081230533
0.472812820669, 0.521554828715, -0.656124089278, -0.510814230742, -0.445063666293
0.293554095458, -0.842839668168, -0.281134236789, 0.780903636052, -0.431088491393
0.191335155201, -0.0551526363947, -0.609301722742, -0.90726935235, -0.0667266271643
0.696283722954, -0.882425135845, -0.1247258252, -0.0995306199143, -0.0249102105067
0.95844099423, -0.142347415288, -0.681077937049, 0.858835250096, -0.0344309380191
0.694456831331, 0.748960637638, 0.88165558068, -0.943786718152, 0.939739032389
-0.00584938262027, -0.472704479445, 0.594662860265, 0.838950071281, -0.653562150791
0.02937702013, -0.806803465865, 0.701068367547, 0.588440439913, -0.963273014192
0.85374767, 0.10714177854, 0.741236879209, 0.41617764617, -0.602650208048
0.287830373826, 0.222170956764, 0.206148516206, -0.297798560227, -0.88685552459
0.953263343161, -0.17780960152, -0.677221155483, 0.143084965834, 0.802971162563
-0.851919796247, 0.83651922355, -0.056093213717, 0.276383572938, -0.948791081518
0.837394387034, -0.531573201186, 0.369479256384, -0.326300076307, 0.21528018637
0.149628489714, 0.347332833313, -0.274563198832, -0.860703637462, -0.924748170311
-0.110282878066, 0.482406566562, -0.929989194436, 0.161028192719, -0.99990894274
0.126524449764, -0.857132924237, 0.581982858443, -0.0980896633864, 0.928191514762
0.992669124657, -0.307745695453, 0.839165666342, -0.321260361465, -0.905094781223
0.540327310368, -0.420375140183, 0.255686323764, -0.0390029371982, -0.849820057155
0.50020861332, -0.296335328738, -0.221106890507, -0.984700694059, -0.785423906624
0.672437173607, -0.843643051058, -0.518917810232, -0.176041316664, 0.694170212521
0.164967421804, 0.310111605196, -0.685271921818, -0.311452712705, 0.320914856196
0.485383192676, -0.961853271902, -0.104055294093, -0.82664063116, -0.459700821584
0.211018133378, -0.467267244208, -0.985065812399, 0.347630835013, -0.522272444793
0.143112741579, -0.911410203149, -0.523809057072, -0.449161379568, 0.815633407534
-0.777827969385, -0.462582178803, 0.142290635456, -0.462491237366, 0.126125002727
-0.218044239506, 0.258222781666, 0.0833896599198, 0.587933450323, 0.941072975033
-0.468255213215, 0.973462848141, -0.483824833064, -0.879571072358, -0.817461577877
-0.33727254056, -0.617048568967, 0.296044428032, 0.674857762801, 0.465869781151
0.553396314509, -0.32101237743, -0.0295707957797, -0.313611051805, -0.999964481595
-0.674482522277, 0.327457816935, -0.792174315066, -0.139739132037, -0.188924604691
0.373346330024, 0.949115591148, 0.731441089134, 0.0161097885791, 0.512245118397
0.82342682843, -0.258956843602, 0.205301762142, -0.347056109269, -0.628839807798
0.773218984885, 0.255819712813, 0.0721976739965, 0.427328853717, -0.36956440107
0.855181726474, 0.0808879525028, -0.412020803929, 0.553117886336, 0.817396407744
-0.000247207210909, -0.270310020113, -0.730354809414, -0.184081380942, 0.316485628169
-0.13990274415, -0.82542933043, 0.13056882997, 0.11072209819, -0.140681774243
-0.81050349914, -0.587401553067, -0.469888441543, 0.177552525588, 0.30578033203
-0.0451721816288, 0.0691979773102, -0.976954954245, -0.577376053129, 0.345312107528
0.406512362142, 0.614000733837, 0.903299261631, -0.00413929607692, -0.924265028139
-0.0914400014745, -0.827145956195, -0.207193185911, 0.0179638134094, -0.487224213174
-0.247216379748, -0.772148212094, 0.826777059378, -0.0157958783391, -0.403462390522
0.94110791476, -0.23051923921, 0.473787007219, -0.777454156282, -0.949130464157
0.0907245057546, -0.253837437493, -0.886640274075, -0.301878619676, -0.998286255452
-0.531655702046, 0.808541634392, 0.378188141343, 0.979768512156, -0.473556171325
0.494287781711, 0.172127871396, -0.861801137572, -0.930300371845, 0.993400042242
0.187773161072, 0.643391168203, -0.59810772093, 0.306546923781, 0.905726189225
-0.990348900186, 0.538162717281, 0.450968956171, 0.690843559483, -0.385819636887
0.9863569023, 0.804526703409, 0.474939611736, 0.271604039283, 0.688033242713
0.872223016527, -0.914617855588, 0.0123182593229, 0.927569649032, -0.98902907671
-0.489887260973, 0.393639728754, -0.37727819493, -0.80438075755, -0.85763473331
0.506991783418, -0.584977906292, 0.494426886819, 0.469857960534, 0.858965182889
0.236778507668, -0.692486560182, 0.724693121425, 0.783557616791, -0.316949720073
0.853666572506, -0.0134048226255, 0.575718352863, -0.838080283634, -0.73646533851
0.120789135072, -0.664199413513, 0.579824926851, 0.597931098621, -0.457334143795
0.975959437542, -0.109069128413, 0.127968789631, -0.722079931578, 0.497456476086
-0.387179385245, 0.458143335182, 0.144904840011, -0.584867812899, 0.966985134167
-0.827083275496, 0.413963096532, -0.411129617298, -0.486923216938, 0.99599011002
0.161752894592, -0.0761325069752, 0.645734744756, 0.379211855696, 0.357407455126
0.182718461663, -0.019404788261, -0.550834513465, -0.074199880671, 0.748440029552
0.855943032056, 0.237794277971, 0.84852692888, 0.0589285717079, -0.606559086475
-0.632518257393, 0.766613689872, 0.653942383897, -0.807141297688, -0.570829032996
-0.01128338139, 0.0720735045276, -0.808481921123, -0.695332708755, -0.325879377743
0.291326822593, -0.509762486754, -0.495095774521, 0.938325299296, -0.376732293944
-0.163658381662, 0.821539397349, 0.645635633066, 0.286618349741, 0.710367800389
0.0881712114608, 0.605469589116, -0.377538148582, -0.393635010762, 0.675628234063
-0.660487776999, -0.673102810856, 0.62285782333, 0.572775036825, -0.571090142395
-0.873003403878, 0.100813978855, -0.465504414185, -0.510769849297, 0.809478793647
0.342934537849, 0.703168931357, 0.28726104621, 0.436993541499, 0.494417175941
-0.709737747152, -0.511648155544, 0.0533265929709, -0.847347041893, -0.594185298927
0.745653635159, 0.500165187277, 0.361279985724, -0.409305452986, 0.679473566337
0.463882724485, 0.683855977549, -0.48608302617, -0.849760700243, -0.934174012893
-0.389949454108, 0.311459696851, -0.0741463020569, -0.876894382838, -0.811230687097
0.122902096202, 0.334429383893, 0.238350365211, -0.941192101607, -0.959870475444
0.0393859435157, -0.467617327195, -0.963203638231, -0.0755420480562, -0.97208519489
-0.135559904846, -0.334076075547, -0.683139187104, 0.851516803102, -0.0787166187853
0.97715135525, -0.370148439806, 0.120258535416, -0.601995690499, 0.989608914553
0.601337438005, -0.966670722155, -0.599867388372, -0.0125883931791, 0.960168776103
0.705126422502, -0.912923648712, 0.603606265538, -0.937045363094, 0.150131261618
0.8199421944, -0.383331009481, -0.0116293982648, 0.892420907413, -0.877673067383
0.602715498943, 0.815515731263, -0.127188241485, -0.0592125092073, 0.167049386943
-0.217666007948, 0.764491021498, -0.567258178362, 0.463974981089, 0.501715286839
-0.792256438477, 0.622037696435, 0.0526738531743, -0.516617528049, 0.462284477366
-0.931636031609, -0.233535353268, 0.476938503042, 0.0270999379608, 0.0646439134978
0.360239905445, -0.331311574666, 0.196973069181, -0.452211680344, 0.218320469171
0.332274573911, 0.911254765329, -0.849765520008, 0.747436358431, 0.315993599646
0.747018400472, -0.928627772646, -0.389382776419, -0.715682640596, -0.289339677507
0.185462993873, -0.961383987659, -0.0799449701047, -0.589062859102, 0.943235445171
0.683517230061, 0.76940946753, 0.457243267598, 0.964596917296, -0.315278919082
0.412281661696, -0.634890937137, -0.383439661592, 0.393353800523, 0.703860434225
-0.35450044616, 0.304463191628, 0.0120509965306, -0.873979539859, -0.77495542262
0.457935607498, -0.297097317403, 0.599390049723, -0.361495062138, 0.75415039961
0.223754301192, -0.255771854913, 0.696223833921, 0.818284757879, -0.249009174023
0.0156784672218, -0.235888736697, -0.134066519171, -0.125475352169, -0.262340638643
0.238939432901, 0.973838564527, 0.842722242673, -0.377201264494, -0.981644888752
-0.0471174728903, -0.351031874942, 0.343887235368, 0.345669456127, 0.162801557693
-0.686089243295, 0.916481981666, -0.521278219126, -0.325247863695, 0.990362961828
-0.997170163669, -0.844770579404, -0.0403227408323, -0.355393334999, -0.906809967964
-0.442703532973, -0.00554829622846, -0.161385904368, 0.387479045099, -0.492486351503
0.349708976229, -0.0755051955673, 0.411254096201, -0.584364895033, 0.650519158162
-0.878066940485, 0.491755795475, -0.831192177329, 0.0168518754972, -0.443632908581
0.978651159213, -0.229251458736, 0.748528430685, 0.0141361006375, 0.359155286377
0.371717592666, 0.222485088259, -0.769847965877, 0.672831452004, -0.697032146001
-0.527921209729, 0.523769188524, -0.641500503547, -0.137934720561, 0.961486186808
-0.440619617031, -0.903866896457, 0.927104153861, -0.537140078319, -0.277224409761
0.476160255054, -0.279228556669, -0.199568014514, 0.984670937292, -0.812637117127
0.899170368883, 0.943744204093, -0.557596741732, 0.595130132228, -0.296807651081
0.531965983297, 0.678197081797, -0.137401814357, -0.592803601359, 0.980462871151
-0.472999959423, -0.212852919748, 0.0393059755374, -0.45812356918, -0.11407352079
-0.511391078954, 0.128728251194, -0.0567528734031, -0.789857780228, -0.0649132874498
-0.136283104134, 0.0874827496295, 0.484548002435, 0.399659852622, 0.999997701043
-0.0165666010724, -0.178542039057, -0.200238783806, 0.376474391526, -0.433391986375
-0.0243543341613, 0.521680581214, 0.539007625649, 0.99988701043, 0.35561998148
0.840068481833, 0.729757881012, -0.742307073376, -0.776476836891, -0.250728433269
-0.777385191995, 0.889701930527, -0.543441521813, 0.229458125886, 0.927096812593
-0.0141996193351, -0.468604778057, 0.384761699865, -0.900065381813, -0.934557475872
0.495180654462, -0.168261824639, 0.625533301756, 0.350667178403, 0.63096277618
-0.593051513276, 0.154692518463, 0.364738977099, -0.0337558858623, -0.867130655786
0.0631437227621, 0.830229013422, 0.791754206563, 0.846756761019, 0.562142347844
0.324638650669, -0.959730225729, -0.691942874811, -0.5881019569, -0.941494058871
0.439780444144, 0.40433501462, -0.471536992695, -0.516484092066, 0.758098292075
0.352238801071, 0.428015961091, -0.0780389937626, -0.0870949053187, 0.390678738157
0.0810513992549, -0.833429246289, 0.170240945979, 0.264454597732, -0.999993755581
0.111811967755, 0.540108754863, 0.505671801654, -0.714404904166, -0.782461172556
-0.488694046962, -0.211018314438, -0.633674950619, -0.236990913792, 0.885962287485
-0.150844467264, -0.118108611385, -0.169574984801, -0.639702472521, 0.944481919076
0.912391920277, -0.80090354645, 0.55120279487, -0.370678546017, 0.936140552823
-0.87166700506, 0.911237212566, 0.197956548343, -0.739379121296, 0.198452088297
-0.332811942948, -0.598013290479, 0.860977698685, -0.945796372163, 0.975122928312
-0.555211207733, -0.967361482035, 0.548010849102, -0.185651345852, 0.878946459924
-0.106705798105, 0.339182223389, 0.97745932624, -0.779748136263, 0.998039031382
-0.26722845608, -0.541563938186, 0.215825410817, -0.312945354834, -0.790037903725
0.948330524188, 0.96535176266, -0.42417584554, 0.895511455001, -0.885077058471
-0.61749801117, -0.545197596294, 0.704369770025, -0.182543367859, 0.54600588527
-0.138109856239, 0.671802915988, 0.129728044613, 0.313487810691, -0.968638451333
0.0217116599254, -0.793843274199, -0.153127938999, 0.465562488293, 0.187480560859
0.193005128019, 0.664612333716, -0.955172656678, 0.204114642175, -0.941882919256
-0.907956700001, -0.270397237132, 0.583125183567, 0.767899519059, -0.976474192399
0.683474862448, 0.737948417523, -0.24216965763, -0.5468892937, 0.954714358023
0.445750535744, -0.130470260183, 0.0584984984034, 0.120974396511, 0.225092001463
0.846692401569, -0.938509589318, -0.451726747056, -0.912439155246, -0.727181922576
0.440877915461, -0.585448771725, -0.748950711415, 0.239047978747, -0.00776812029294
0.518955202658, -0.215106334395, -0.693404330443, -0.0136666257004, 0.794747625197
-0.252190264482, -0.273593923425, -0.462530687858, 0.0338989155139, -0.074607078626
-0.8869293259, -0.287475944439, 0.325621436467, 0.829019586866, -0.868799692767
0.0365436446852, 0.772482018539, -0.339399734525, -0.807083077126, -0.784225443825
0.822090904104, -0.924622558847, -0.846037896206, -0.468559412442, -0.969782653499
-0.603761473501, -0.758114925851, 0.10845628975, -0.181244894863, -0.515310828951
-0.286785080674, -0.590478274123, -0.636695422922, -0.332433385587, 0.622092385683
-0.957107892648, 0.191493997372, 0.834083172644, 0.417564598461, -0.995289067166
-0.335361333591, 0.91730201814, -0.319863001957, 0.583235725399, 0.932795384457
0.602332612275, 0.344601431688, -0.0664531039417, -0.0063984604165, 0.785307097102
0.141356756557, -0.901389989612, -0.503603724266, -0.424330450076, 0.954683930429
0.719822697762, 0.967353135626, -0.766085170784, -0.636544963629, -0.86000179477
-0.35954198212, -0.660667539249, 0.553578449567, 0.935187045289, -0.127731983315
0.811685428556, -0.0685738637868, -0.123680605094, -0.413415385281, -0.386831293193
0.534585191252, -0.412837357269, 0.526747305905, 0.179601947645, 0.753162646188
-0.928336003322, 0.619096441253, 0.13444757384, 0.489295423107, 0.354070918534
-0.458539860399, 0.915920499454, -0.601821042823, -0.0266171649572, 0.966623092478
-0.006118463422, -0.847438569884, 0.390186817029, -0.356204762304, 0.54035896557
0.923305856783, 0.199196284949, -0.888941552123, -0.854918786056, 0.97296207912
0.913336916473, -0.0737481702768, 0.291340864355, 0.657130266613, 0.617687732817
-0.218522982569, -0.753915245285, 0.650587019934, 0.0120795326782, 0.975059755277
0.159787030399, 0.691798259442, -0.441981724272, -0.23275840513, 0.279095405168
0.835402937688, -0.578704442806, 0.974217389072, -0.36038526745, -0.571384781573
-0.980509374494, 0.0104336282097, -0.554753520073, 0.211567715363, 0.940767262575
0.958397074465, 0.482917746676, 0.95738078902, 0.0685147541973, -0.984984031395
-0.215608365273, -0.0337759158929, 0.79511000013, -0.271735319708, -0.521524738648
0.671971722315, 0.000791769271969, 0.161172010337, 0.163913965248, -0.665370799408
0.475214485934, 0.277719199974, 0.0199348979322, 0.12294823152, 0.319552867647
-0.22572432972, 0.773521760686, -0.674104114594, -0.150006226604, 0.812282599243
-7.97013672249e-05, -0.986390440558, 0.466687020457, 0.78076329968, -0.946465927396
-0.787675819172, -0.639129036961, 0.330007946024, -0.399797725354, 0.454364180487
0.706179162463, 0.403580428741, 0.104994980247, 0.557049429309, 0.817001208452
-0.997187558775, -0.400471801463, 0.722511334133, 0.671271362319, -0.905851045904
0.298413254991, -0.653962020702, 0.956785594448, -0.388960552384, -0.618880764474
0.440405965635, 0.697188915789, 0.320292931226, 0.397702309498, 0.383908548966
0.388730695685, -0.285369474576, 0.28123263973, -0.200535347428, -0.95157389969
0.70108141524, -0.371046451493, -0.975786024775, 0.177204830806, -0.881067951081
0.63338006006, -0.509207476885, -0.495475204825, -0.106602155195, 0.348287683936
0.0304052217172, 0.167783623218, -0.66999543224, -0.560027476156, -0.769644474629
-0.0531259743402, 0.0262477218386, -0.441867785289, -0.611668813364, 0.303358640191
-0.855666807393, 0.393452625672, 0.676138501909, -0.70399657755, -0.94400235159
0.506936556981, 0.856751466687, -0.362001883783, 0.818129728983, -0.887745063396
0.461761491151, -0.158417466828, 0.732957933356, -0.313260533298, -0.116695940656
-0.771608075065, 0.564229573399, 0.200819939398, -0.386909856745, -0.345874062031
0.0501005698345, -0.725282411531, -0.533378042806, 0.485954606641, 0.595923382383
-0.954270282879, 0.027924398785, 0.599617419679, 0.621229976097, -0.703326122766
-0.345404025474, -0.318722804673, 0.358083822106, -0.80240663889, -0.803308093386
-0.947777452203, -0.361166137729, -0.864401473447, -0.940222169754, 0.97895840281
0.0959717113352, 0.559955719508, -0.945346972399, 0.959797919451, 0.617350786436
-0.0721611192828, -0.864676048094, 0.920421047125, 0.14144915249, -0.993677074661
-0.669744449285, -0.480433402982, -0.184349430679, 0.320546875751, -0.849279582092
-0.67741862385, 0.0679530925803, 0.0726132033847, 0.936837672653, -0.999599509681
-0.975044210457, -0.0296065621497, -0.90401426794, 0.104492619361, -0.947827628988
-0.259783439828, 0.806220989905, 0.721845155588, 0.64551834815, -0.966648148398
0.468572125121, -0.070072300227, -0.400827587674, 0.851706090368, -0.999931906608
0.316209735538, 0.328701092767, -0.302825295336, -0.916117137883, -0.975034439959
0.427113540472, -0.378203366139, 0.318139078686, -0.588828068066, 0.917288477477
-0.899256106085, -0.920930389828, 0.535302069183, -0.184748275085, 0.813691434379
0.158985415856, -0.619417806541, -0.507141612031, 0.174462343788, 0.605761986058
0.143622778651, -0.64789870115, 0.116854886319, 0.571126434516, 0.898874718862
0.20105806243, 0.567771215537, 0.271652511606, 0.674060783318, 0.553505863837
-0.0895322961229, 0.134879134639, -0.105301017179, 0.821291904683, -0.413384138809
0.291027839443, -0.609962979941, -0.51556171821, 0.654670165075, -0.460950955604
0.820285174326, -0.237235676539, -0.581902958848, 0.255307161106, 0.997460372323
0.624401168419, 0.433409099841, -0.643177751779, 0.953742373442, 0.486354530028
-0.669462716323, -0.146400127318, -0.392436173274, 0.0821255548577, -0.646521138223
-0.792604673442, -0.969993624692, -0.0653505186755, -0.203765859253, -0.538867285365
-0.0268324089453, -0.266346317539, -0.930783807622, 0.989960269091, 0.521843788714
0.521274842743, 0.350686234759, 0.647059309851, 0.896110548981, 0.057447340055
-0.522852767831, -0.887196812903, 0.271552196699, -0.968602439063, -0.805248693809
0.504476355092, -0.283344879414, -0.862267117905, -0.657394279996, -0.152141021244
0.99342308547, 0.030693794118, -0.0392750659083, 0.760788248584, 0.233784444296
0.224772836171, -0.579323157083, -0.804157803652, 0.93641613223, 0.975199801563
-0.586984687778, 0.0958626711358, -0.58552470804, 0.373470233701, 0.788927203621
0.959359665933, 0.19552569826, 0.347931819905, 0.418290191919, 0.665686026058
-0.126609589384, 0.107802892234, -0.266937360505, 0.963773520287, -0.838758715633
0.760003381679, 0.637430424628, -0.0579885846672, -0.61348544112, 0.992690175207
0.271863473909, 0.294975599655, 0.961127234914, 0.48638340562, -0.221831599059
0.707760120328, 0.0663260848066, -0.277653338162, -0.0549245682977, -0.951949820272
-0.273800474836, -0.551110879526, 0.906991305851, -0.0604213235814, -0.944488644813
0.125127624653, 0.0751110173176, -0.977426909088, -0.0497188065428, -0.935144994164
-0.276855952748, 0.062208329748, -0.195364486557, -0.754880496263, 0.0564401880247
0.229479160305, -0.875003627812, -0.0738161834151, 0.485745468218, 0.19948552304
-0.489144372147, -0.820091453374, 0.0295902520309, -0.198061455272, -0.418506323492
-0.58998113807, -0.369215137343, -0.356333378365, 0.932357794043, -0.849094687026
-0.36362145842, 0.0370838670454, -0.0891561350087, 0.676208492078, 0.859031644631
-0.204711167689, -0.273574642447, -0.286509984125, 0.912355782355, -0.990483158151
0.000643927490947, -0.825961050233, -0.144737290846, -0.533898162206, 0.730669954592
-0.716954459207, -0.42942488385, 0.803679464202, -0.87503684829, 0.774207309488
-0.325822798083, 0.345994535446, 0.808321201158, 0.978357812083, 0.992267118143
-0.741715019204, -0.358900627394, 0.558668880295, 0.77422528666, -0.992486691858
0.654155298754, -0.0663439641141, -0.839625299856, 0.0834039567854, -0.551026827486
0.638674272254, -0.277058911467, 0.98184437704, -0.653901932151, 0.718095118515
0.715596515727, -0.515088335755, 0.824597098391, -0.035024396087, -0.38888795538
-0.349136822701, -0.579264894018, -0.482314378201, 0.10575840777, 0.223440990923
0.643039867405, 0.842168617412, -0.484041063485, -0.681410273787, -0.483231327643
-0.19247206654, 0.931343948338, 0.853549193009, 0.41437457239, -0.997991794151
-0.183235806235, -0.740261117382, 0.432462518129, 0.584617142661, 0.549788441636
0.947513218655, -0.786461940572, -0.494440309463, 0.00881714673208, 0.230703100585
-0.610376715387, 0.68136383158, 0.436170994444, -0.116831865629, -0.195647398189
-0.548916480377, 0.886439707069, 0.155048120098, 0.829383925321, -0.550981089396
-0.0353954578737, 0.0767068587453, -0.846009778316, 0.0572762464485, -0.585488463068
0.847151219249, -0.927955065993, -0.0816077673585, -0.671067971886, 0.88840683773
-0.638465749772, 0.712952645921, -0.167000565801, -0.862214390214, -0.800664331948
-0.107145188761, 0.893763484306, -0.238624456893, 0.219246748486, -0.995109049628
-0.0504565871005, 0.0126291483803, -0.750851200641, 0.936370479134, 0.845119576552
-0.53177003252, 0.143678051812, 0.943260888716, -0.737323348147, 0.828732533573
-0.661658020099, 0.838186093299, 0.19737698037, -0.611811156861, 0.989444115056
-0.535826626581, -0.387503217947, -0.337539415098, 0.938670107031, -0.852334587019
-0.901625953463, -0.348119890058, 0.599319257028, -0.501307018557, 0.0405698369048
-0.216739012595, 0.651891566283, 0.636750720926, 0.648117569943, -0.943077164536
0.422859304016, 0.725713009536, -0.753362799867, -0.705529322531, -0.624198899127
0.415583139888, 0.384458399553, -0.829051336052, 0.753924934644, 0.208808889431
0.674690071831, 0.80136682806, 0.45930374874, -0.246602981646, 0.480123839433
-0.146170283165, -0.27268173343, -0.818903891, -0.799380749427, 0.433397048115
-0.629257448125, -0.709086550049, 0.899775456188, 0.166693390705, -0.962718710851
-0.588144739644, -0.788184729156, 0.274617415289, -0.74013331096, -0.0403853971176
-0.231490172439, 0.681099631745, 0.102444887953, -0.296806640854, -0.999998551706
-0.146055266404, -0.222781887455, -0.521190342052, 0.756108463834, -0.970997827351
-0.752650148819, 0.826734477315, 0.0721885279931, -0.996603106225, -0.843320719585
0.809223564894, 0.218449215763, 0.660152300879, -0.064989223525, 0.93928690787
-0.600087779299, -0.347820592595, 0.4265305935, 0.0438101209922, -0.411995323713
-0.65215947109, 0.0968244993168, 0.296373670539, 0.40461403016, 0.298466708238
-0.822157281455, -0.7108541158, -0.858275124234, -0.110587532238, -0.717162078004
0.608051583941, -0.805623517999, 0.851763175794, 0.857464510877, 0.886884763592
-0.490970749245, -0.106970483799, -0.765501255609, -0.713791042562, -0.504678316921
-0.369001890528, -0.188046193909, 0.489964552357, 0.722271568707, -0.766772867391
0.102076561453, 0.272936186312, 0.293631681652, -0.0172035064755, -0.980018770169
0.700204023927, -0.181408237437, -0.65541002748, -0.359376858461, 0.370236912586
-0.810551417095, 0.340200919521, -0.78236314251, -0.339332790959, -0.623997743739
0.472556157681, 0.377682148945, -0.402826710073, 0.45564348113, 0.979786189408
0.945346204483, 0.551604046627, 0.647031114574, 0.856142785819, -0.261111060717
-0.0207570148224, -0.894952321445, -0.778172191907, 0.203725529447, -0.188856736175
-0.593110997931, 0.219807008973, -0.828829783222, -0.578821101896, -0.774680029617
-0.739834363985, -0.47808875995, -0.72321280298, 0.880598168573, 0.389009151483
-0.910191511507, -0.619140132981, -0.0107675434552, -0.168284532755, -0.115233679486
0.984671239429, 0.0687411386664, 0.674471932835, 0.352016188847, 0.243437484219
0.923788365939, -0.0711848705649, 0.788884429706, 0.00513670129155, -0.0350227318534
0.0304722873692, 0.573577833866, 0.556450835838, 0.904500126041, -0.36718345178
0.0644720554417, -0.712381748192, 0.207426814011, 0.0586275369964, -0.551976848141
-0.76645681484, -0.58456239204, -0.619001786794, 0.781847142054, -0.853868013913
-0.464429846309, -0.877052199336, 0.857193427863, -0.315002153763, -0.957560603036
0.970742004534, -0.116733424201, 0.423421494393, 0.102397661197, -0.348637636335
-0.884899731293, 0.719249440496, 0.895345900413, -0.277918461732, -0.998755142905
0.846437703204, -0.0299885497876, -0.619395049275, -0.0629318725788, 0.99835612123
0.0366409607344, -0.364727553587, -0.452505725356, 0.812187253017, -0.991893674568
0.914697384612, 0.646041050352, 0.705433561242, -0.777315444052, -0.478233614243
-0.845664501916, -0.230510628008, 0.844760153698, -0.01061858453, -0.559918350582
0.990191112867, -0.620718284855, 0.490183116377, -0.673094717069, -0.455290344452
0.311616141792, 0.232968515463, -0.645607085124, 0.9069180598, 0.136424005149
-0.712944081757, -0.654506084097, -0.0701568013167, -0.0861470342904, 0.443762438485
0.576687130112, 0.695410981401, 0.181961325947, 0.982158900884, -0.845152547534
-0.0615913387996, -0.944235801059, 0.345609682008, -0.382021710455, 0.425197513082
-0.862950850923, -0.0887869183412, 0.916836106861, 0.766959242553, 0.817887791486
-0.899423142768, 0.570162850017, 0.924938862388, 0.187370886264, -0.999922035202
0.275844106004, 0.995431564201, -0.592010912033, -0.420730770504, 0.557292984612
-0.112864863295, 0.368187824667, -0.896044802016, -0.322890161767, -0.995035356092
0.27147796377, -0.616115563113, 0.0623817761456, 0.727753706704, 0.522480233424
-0.0945266613017, -0.550128805128, -0.613409555334, -0.251179239576, 0.94098896764
-0.840988199676, -0.0818855230217, 0.439077855718, -0.72097549634, -0.554325849912
0.297008074394, 0.72106115851, 0.31928192541, -0.903055670365, -0.988228892331
-0.534592676883, -0.182718371085, -0.328654674336, 0.00782645964153, -0.98937752053
-0.244788193021, 0.629637724105, 0.02785134213, -0.0979058644324, 0.525152072099
-0.807324546537, -0.645436067352, 0.208010126575, -0.581184006329, 0.993921275576
-0.318248031209, 0.335921003119, 0.285507398966, 0.440026084475, 0.508089716675
0.814284902592, 0.853631946358, -0.682320366765, -0.586463325442, -0.909982522662
0.677253649959, 0.985155965424, -0.968935221656, 0.572049199083, 0.253627812958
-0.19909917093, -0.504696747326, -0.33122146978, -0.331693498837, -0.0248685314597
-0.940351594234, 0.974350502071, 0.459722360116, -0.466895674932, 0.9639866367
0.410926281892, -0.984397971332, -0.908675023224, 0.0643043612291, -0.950702474658
-0.956810759446, 0.863495017348, 0.190858712393, -0.561315925938, 0.937848039258
0.42651043252, -0.141853881224, 0.945885284631, 0.807279757398, 0.99143972175
-0.470160488156, -0.9608370895, -0.388680728983, -0.0374893517359, -0.722591429762
-0.647278362216, 0.433054352068, -0.780955085178, -0.356224749852, -0.666607034128
-0.938553377644, -0.174026483224, 0.310282950017, -0.750835962717, -0.266964990207
-0.211597648676, 0.109681353739, -0.103171157963, -0.262043814782, -0.947533359258
0.473311925093, -0.246049834261, 0.272468613623, -0.247814923513, -0.856938844352
-0.590867074277, -0.715265673881, -0.36933139601, 0.266881134206, -0.155103374394
0.517184342404, 0.863557319131, 0.336538501016, 0.350360285636, 0.145187156318
0.408174666684, -0.621925521631, -0.943139669012, 0.085375189658, -0.998979480973
0.196236801687, 0.0633757292584, -0.445393138264, -0.940187680485, -0.558084233681
0.96765509797, 0.358729152662, -0.555507061659, -0.919184120604, -0.25274909037
-0.495305747086, 0.478688738343, -0.260141982603, -0.57094130484, 0.999959055243
0.0595518877246, -0.41497624144, 0.861190129778, -0.913562336199, 0.999933730025
0.181208142436, -0.00265903226973, -0.0895168732286, -0.582349259981, 0.924416643665
-0.85351866378, -0.537490479494, 0.091604594718, -0.587391407557, 0.943329872709
-0.743614394401, 0.612494771869, 0.0607106282478, 0.474445683921, 0.070694143176
-0.0210254569792, 0.558058669411, 0.476511512122, -0.79679148346, -0.99011720751
-0.334964217104, -0.939570969571, 0.760696173733, -0.579669606516, -0.990342702535
-0.25645397996, -0.933458470285, -0.506610645887, -0.210427127273, 0.698540247233
-0.250721634277, 0.817949557977, 0.65394398087, 0.188641447807, 0.866373281894
0.824164480355, 0.837663134677, 0.0221322372992, 0.410699408041, -0.564176718633
0.586904230021, -0.801296789232, -0.0861759243842, 0.338808131272, -0.937866818141
-0.434831914177, 0.729197063176, 0.933514407049, -0.923005754925, 0.846500159924
-0.662635545634, 0.86893777866, 0.880994664798, 0.314962491522, -0.997637788385
-0.487452283396, 0.464882707424, 0.796215762018, 0.245793576071, -0.460829074507
0.580188424966, 0.434275324196, 0.868161177286, 0.604104960647, -0.406815217973
-0.940217387246, -0.363191939206, -0.929680717104, 0.294808511932, -0.946603424044
-0.459126080908, 0.983690005654, 0.78736711066, 0.715549826288, -0.34873436847
-0.758725724441, 0.491694486753, -0.5047288881, 0.989184730701, 0.109330237531
0.783871703368, 0.0573052380856, -0.2839750259, -0.856716529056, -0.921360285725
-0.252740242598, 0.763693163131, 0.753229061487, 0.294202516477, -0.230394654589
0.399695211377, -0.257972228091, -0.271727381638, -0.952776850099, -0.885655151274
0.607065217391, 0.718170043531, -0.538047472352, 0.100937770447, 0.690331207445
-0.569303535153, 0.593009768349, 0.109435346708, 0.187624164856, -0.565694010702
0.982792594005, 0.245039363556, -0.354210515338, 0.0916525670457, -0.869222950003
-0.861770129705, -0.681273573393, 0.948636256708, -0.00824360910352, -0.998082159173
-0.463097990744, -0.394888327531, -0.481402364879, 0.716382180536, -0.701198145197
0.820711202425, 0.0951280626247, -0.600575707774, -0.431750804185, 0.441582065331
0.554224804339, -0.4057802866, 0.24161833678, -0.890820824954, -0.981103419411
-0.555373824372, -0.361903824266, 0.645966716667, 0.29571689554, 0.681350679987
0.489624241561, -0.814072943673, -0.970512802942, 0.31598545303, -0.709647966449
-0.280850378792, -0.775729241803, -0.147986641472, 0.406779311387, -0.374418553979
-0.653781200501, 0.472966575483, -0.301609730359, 0.8354141762, -0.856236516505
-0.491021502253, 0.808244516588, 0.713784266, 0.140967107667, 0.546576577843
-0.664477055228, 0.578367134787, 0.606929466906, 0.0618894520808, 0.983408019786
0.817783995619, 0.890283556543, 0.681435057221, -0.459694605083, -0.357837155652
-0.857742109759, -0.305196491887, -0.586458422394, 0.359505837208, 0.827807741788
-0.825337289009, -0.446572077249, 0.0220216816015, -0.524752136912, 0.513922536253
-0.237721313734, -0.526369056365, -0.272774461789, -0.817476820908, -0.691723874428
-0.351469012192, -0.957191878081, 0.337705848318, 0.506641940389, 0.981160945863
0.521515363502, 0.927343916684, 0.0632663612269, 0.476301336188, 0.0923268479026
-0.347421756003, -0.191500594144, 0.784989866134, 0.477634896125, -0.972290909386
-0.331780261065, -0.460116162017, 0.346867405237, 0.193714827074, -0.673881748423
-0.11803861355, 0.950029628598, -0.93102031771, -0.708104589728, 0.645349443782
-0.907673865183, 0.170495228983, 0.253608542807, -0.836345927828, -0.774254750835
-0.592735923667, -0.476936278754, 0.324862537373, -0.105193137109, -0.962939379186
-0.842113895647, -0.718992933047, -0.914340350084, 0.899993100655, 0.965534955853
0.578033983674, -0.174674789455, -0.789444815361, 0.345382468137, -0.691044371298
-0.806728764391, 0.191192814247, -0.486560527648, 0.231870442433, 0.62681833986
0.717271990757, -0.676900603362, -0.959383044624, 0.403226140416, -0.555372939501
-0.0627333589832, 0.258934531909, -0.40032834761, 0.885939819045, -0.956184905117
-0.0614008940613, 0.00803246529124, 0.575976777883, -0.918016575074, -0.15746409653
0.278980871894, -0.527720175663, 0.00668840189739, 0.326946339256, -0.991748205834
-0.658721822905, -0.85010215845, 0.867131578679, 0.976012641753, 0.882639579914
-0.569933401763, -0.187321402231, -0.788051282729, -0.293982658567, -0.528664789792
-0.768877384979, 0.434980666967, -0.0803045522694, 0.352570438462, -0.889562502091
0.137342522602, -0.0700888181999, -0.596987623488, -0.73864148692, -0.997372041165
0.660115979028, 0.0232899053887, -0.0848504407772, 0.944994911086, -0.998004302965
-0.61481220273, 0.977635104163, 0.183944588541, -0.705093569209, 0.537152887579
-0.393613255109, 0.995934170165, 0.00168178389588, 0.571251657464, 0.84155329028
-0.052844448794, -0.575351883501, -0.198820225883, 0.917221050579, -0.999217768769
0.110024073464, -0.721047728129, -0.89442035524, 0.40853988066, -0.917800395433
-0.321469377116, -0.319919804234, 0.649943096573, 0.862844048444, -0.191941382459
0.516289152555, -0.0651796034815, 0.424225415222, -0.0972414075622, -0.352379641494
-0.448193395797, -0.368771071745, 0.0149707754573, 0.713767652932, 0.655417497707
0.988407822272, 0.651976269364, -0.354181932445, -0.038291175016, -0.912735828521
-0.52655141964, -0.483448099166, -0.271723100217, 0.334616374695, -0.3911846397
-0.028393152325, -0.684970090948, -0.879890706832, 0.663451775236, 0.0242958890008
-0.895749177001, 0.810150406013, -0.440544326082, 0.643194200154, 0.0579368432633
0.832488453155, 0.934222790762, 0.180447666815, 0.772259083539, -0.0765515276473
-0.535899742696, 0.254099813535, -0.2134212168, -0.99097255205, -0.756951816679
0.182670245145, -0.38222081164, -0.0981164442788, -0.288048812542, -0.995144432186
0.0547056719117, -0.216896930563, -0.278670724261, -0.501481018426, 0.854552467907
-0.821466450057, -0.981126471426, -0.996937139111, 0.604716374211, 0.616639362902
-0.0381063576358, 0.897073929344, -0.832638191773, -0.538303130942, -0.882265448963
0.00514342507387, -0.853762042964, 0.294529238465, 0.688767670124, 0.35507835435
-0.0578126957958, -0.749754443221, -0.310089619207, -0.243790039522, -0.694633185328
-0.358063939974, 0.415210021238, 0.458991174027, -0.237459355158, 0.439816488781
0.928020156331, 0.738902774425, -0.613396184713, 0.441024724677, 0.294689868688
0.671499547052, -0.193730092506, 0.698192560177, 0.723208685791, -0.809437294125
-0.308595240034, 0.432160606977, 0.315795934772, 0.712597697344, 0.05957304526
-0.754856708962, -0.776435673627, 0.716842114565, -0.475166211709, -0.678914490432
0.215001280652, 0.401464143847, 0.616675931607, 0.230243194913, 0.95552070818
0.146047468162, -0.572730795978, 0.955640468971, -0.141861270313, -0.972199854953
-0.804622960045, 0.163884425938, -0.390537606007, -0.861523464827, -0.999411677891
-0.533659606692, -0.682401320988, -0.00191862086464, -0.841736901387, -0.534071606451
0.243286938133, 0.836471876782, 0.673049343782, -0.962257031219, 0.679607769943
-0.818037895584, 0.654610614037, 0.782401604796, 0.556037883459, -0.98493168746
-0.713803605549, -0.808588754683, 0.246647018263, 0.279492800317, -0.83314828952
0.612432438035, -0.753935599055, -0.788517730052, -0.589040035538, -0.914056003407
-0.514923503965, 0.566127011922, -0.212593965194, 0.149352153459, -0.855917942177
-0.232141688119, 0.0566020804711, -0.225172120759, -0.698431285155, 0.493114469636
-0.585249688418, -0.509889469879, -0.968345284609, 0.614402375005, 0.455174311135
0.928927658953, -0.00704726319902, -0.770726603723, 0.541835207953, -0.999993876977
0.203020652609, -0.642303220281, 0.00117260991389, 0.765317644521, 0.199449602119
-0.183507145046, 0.361503072319, -0.485018975271, 0.210447633398, 0.543571212198
0.967939554132, 0.532150117656, -0.92843072502, -0.587288104866, -0.0097153641108
-0.168496325723, 0.224300890443, 0.877379417474, 0.448219229093, -0.909960243651
-0.555997517677, -0.175750980034, 0.866250806431, -0.996631786394, 0.803037364747
-0.0284444543172, 0.503377873527, 0.00659254883513, -0.532108905912, 0.572136478686
-0.954034988456, -0.240494167899, 0.896393617837, -0.922489806763, 0.956393847797
-0.894117955896, 0.331498581171, 0.704947561743, -0.0798932046021, 0.688470557325
-0.929724431254, -0.0619473448134, -0.410880270794, 0.759215239272, -0.702348265823
0.0551676287841, -0.683903329649, 0.780915131686, -0.591981780553, -0.930667521819
-0.751491704321, -0.651590051602, 0.367673474337, -0.363900680499, 0.444566516636
0.23781479405, 0.523571793002, 0.598832663069, 0.969512939248, 0.389275938273
0.795677727579, -0.848173412921, 0.162030884073, 0.488403739698, 0.419965731472
-0.75874931052, -0.507752205099, 0.370652277034, 0.70841401464, -0.140757481775
-0.76134782093, -0.416742331055, 0.799873277863, -0.99488575585, 0.980227527356
-0.892677915935, 0.152924759353, 0.449188795802, -0.297730688775, 0.626160947785
0.803338434713, -0.55606948513, -0.29299695884, -0.443394055199, 0.566433163793
-0.81002319907, -0.320470107889, 0.0845545106085, -0.990491256522, -0.869720997263
-0.736500034869, -0.740696067218, -0.715833537778, -0.498519773581, -0.76381519995
0.858267481658, 0.676842114611, -0.247539564471, -0.272366729441, -0.85827922271
-0.237610130254, 0.160927769805, 0.206486718263, -0.99916096866, -0.712344040424
0.616092889766, 0.121900991121, -0.922054328704, 0.555482655605, -0.22902084273
0.732243519331, -0.506801669109, 0.263001025522, 0.985497504338, -0.714351860427
-0.679845229237, -0.63056203241, -0.368661032213, -0.0181050446782, -0.852806278166
0.855184478758, 0.721325175828, -0.668001428493, 0.312894680386, 0.459535104191
-0.873448141789, 0.327959274739, 0.026353039861, 0.0795711094641, 0.668790936058
-0.0836233327599, 0.598844758296, -0.422985757792, -0.393864067893, 0.87589182413
0.577938549026, 0.27357374814, -0.414362685178, 0.609922734127, 0.462103175597
0.32306426402, 0.175883169209, 0.769576481259, 0.181845677944, -0.053683809741
0.083627938855, -0.294005466286, -0.800660780964, 0.0358073431849, -0.159939238675
0.255583517339, 0.877203096111, 0.324271249829, -0.311759862978, -0.212467866458
0.210896329287, 0.487014248803, 0.707066565938, 0.0581771570288, 0.68850264948
0.673073388022, -0.112802282631, 0.549970518748, 0.563383499542, -0.0191902398615
0.749725136134, 0.508466767529, 0.638615377068, 0.822942804884, -0.547129902752
-0.324619970537, -0.77746807845, -0.668611178436, -0.903316403939, 0.240468367878
-0.930444081343, -0.71564665786, -0.340868359003, -0.301476849573, -0.161084889962
0.915248689391, -0.873112970251, 0.469569697482, -0.853132960267, -0.951274327227
0.407833867646, 0.402297059251, 0.0529821018683, -0.288293606775, -0.977952450858
0.729545385548, -0.639310115998, -0.433283471882, 0.404200628081, 0.936701486447
0.130746819196, -0.594899349884, 0.684115392325, -0.880624398886, 0.155089474317
-0.959565466919, 0.045562762432, -0.565860270293, -0.654763838129, -0.717354271463
-0.337088066818, 0.859585497803, 0.265152678101, -0.351024780383, -0.308151006951
-0.591328290265, -0.101872168729, -0.705905663148, 0.428892568533, -0.394819067003
-0.982302369314, 0.412150539904, 0.587123654423, 0.606575683489, -0.554588159567
0.527585867516, 0.567829582124, 0.918754985753, 0.983723110814, 0.626281013499
0.239513193874, -0.856792321955, -0.821958352318, 0.456846745974, -0.999781077636
0.210424893094, 0.497256887181, -0.185039191826, 0.660782154649, 0.837103194885
0.746866039818, 0.174648548151, 0.0617311653451, -0.587839220167, 0.931431716013
-0.606683085818, -0.73753512286, -0.497761161242, 0.247358737636, 0.748608455492
0.180569143453, 0.600031715202, -0.965143628881, 0.811233339125, 0.999136077214
-0.391741548244, -0.421207066826, 0.395633509626, -0.199248629692, -0.278901298387
0.368295422954, 0.348952465638, 0.953704738562, -0.980203167958, 0.444923971119
0.228232961612, 0.0314350973789, 0.298671883179, -0.0829605359328, -0.999126641574
0.598843875731, 0.361930236357, -0.641653636165, -0.7452662694, -0.917297802838
-0.967135328374, -0.400356996164, -0.696368682197, -0.183382245773, 0.607478036048
0.409369338101, -0.0858395353785, -0.171471742848, -0.188804707412, -0.830324337915
-0.670850050635, 0.142803491535, 0.470600728773, 0.297095952694, 0.753230414739
0.65829435106, -0.543057949054, -0.0819897646689, 0.58651078255, 0.935527474478
-0.381271864471, -0.770401923825, 0.227549511367, 0.525119548877, 0.847166090733
0.667512844729, 0.293533084413, 0.918303006721, 0.819179873124, 0.966252484914
-0.0460534143705, 0.25696381472, -0.682016654923, 0.457890271792, -0.352930841487
-0.185951630897, 0.583022134871, -0.919811844398, -0.624037919951, 0.11934258701
0.433684103478, 0.480727611913, -0.466070051338, 0.57526326468, 0.435210725385
0.530534024065, -0.318068700954, -0.752986456074, 0.962036087556, 0.939519881813
-0.368043908394, 0.0435873313098, 0.888648413264, -0.811126880767, 0.860446617939
0.633736952597, 0.903826078225, 0.423512520318, -0.529459766449, 0.879082379707
-0.313109990041, 0.479391234485, 0.282800209713, 0.634661460002, 0.786924170423
-0.231468092079, 0.950065696696, -0.60774574988, 0.856106096173, -0.476489515734
0.15478454244, -0.61576745533, -0.488027851203, 0.844991667701, -0.944999284807
0.127590257771, 0.917931664248, 0.283403332832, 0.409636060499, 0.265542925155
0.941138728946, 0.441329259903, 0.389515288431, 0.674473152993, 0.0652498992877
0.229137145284, 0.672359477601, -0.891056926627, 0.0160082018482, -0.871388497542
-0.592578470436, -0.183947414291, 0.907777498909, 0.15851559149, -0.978105336742
-0.243856967581, 0.796560431521, 0.343363652181, 0.376833456946, 0.376179991346
0.326668411572, -0.460525259113, -0.560480023837, 0.338219950493, 0.965604119433
0.933722098717, 0.44522130454, 0.913921368058, 0.393303862092, -0.865426234214
-0.00328407024874, -0.72745149535, 0.638101338444, -0.115634328362, 0.979716236946
-0.701071931693, 0.362725479656, 0.257744893956, -0.858761393458, -0.896623986774
0.39328623476, 0.772626890975, 0.290095978317, -0.122544831498, -0.999971268527
-0.0115840323567, 0.646436637787, -0.216859656419, 0.874992473782, -0.917071563879
-0.847464681575, 0.775785560688, -0.738252043788, 0.556091316981, -0.98344858355
-0.545295425715, 0.135084479492, -0.394695997435, -0.0460679705896, -0.673279447794
-0.326921774752, 0.168563113941, -0.458318870595, 0.774656165704, -0.911469619095
-0.865989656128, -0.470814768477, -0.294148394201, -0.997100700512, -0.564430330883
-0.376763769254, 0.342656848687, -0.844438064541, -0.162742934391, -0.678553112529
-0.842903028601, 0.287020090083, -0.692335457027, 0.158591355642, 0.682595865498
-0.931664264736, -0.897956936811, -0.245994432704, -0.839678126332, -0.78065864506
-0.213360806603, -0.719062855218, 0.283729653336, 0.519564561279, 0.934727511097
0.917438945342, 0.0260887720896, 0.440504725742, 0.675013985189, -0.204881621379
-0.215860205205, 0.166772770976, -0.129283140513, -0.542130415966, 0.758452941342
-0.155171396005, -0.632614811044, 0.665243889737, 0.755909616144, -0.799265418898
-0.477063190312, 0.142364292857, -0.891113389412, -0.6026366493, -0.23575966452
-0.286197294201, -0.920515821364, -0.344863314991, 0.477905708564, 0.925000129479
0.143445519059, 0.972255983039, -0.639644799312, 0.0938920649368, 0.983518672813
-0.625226295725, -0.205871305558, 0.0443199414689, -0.453567763924, -0.154488165742
-0.837090586175, 0.419081063795, 0.299810826487, -0.35397595138, -0.073513427701
-0.188168965533, 0.848325482433, 0.698100652364, 0.407034661072, -0.22505004365
-0.984227503769, 0.431940043137, -0.629048568466, 0.399180131904, 0.39294755059
-0.956851486032, 0.77004434565, 0.513010887095, -0.654799737103, -0.447822666557
-0.0680324411999, -0.0433494012785, 0.482985873133, -0.64167730822, -0.176435509417
-0.518312937386, -0.416933741896, 0.756205495908, -0.23722537392, -0.0713764116967
-0.154839870456, -0.259648806757, 0.755590796992, 0.390689844544, -0.606958501025
-0.278851898926, 0.84946991412, -0.701893067025, 0.381012665342, -0.132023523428
-0.217261068431, -0.516251075608, -0.284452103806, 0.186000239326, -0.967139037267
-0.743742956277, 0.0352808791382, -0.0433951024876, -0.447419518939, -0.215494942405
0.773768187659, -0.157582418353, 0.597530145362, -0.809498382264, -0.804072419669
0.607387528815, -0.600250299176, -0.0278301546244, -0.604952244877, 0.974286324004
-0.222793441839, 0.486848193216, -0.0211854527164, 0.971623299311, -0.957160645556
0.938698528261, 0.161056372083, 0.803157872157, 0.312758051618, -0.692586053184
0.84928913859, 0.0919777543941, -0.271178346517, 0.680112110584, 0.507399012053
0.113762722641, 0.139594896231, 0.380106034211, -0.511633824182, 0.995899779263
0.0868157334477, -0.929200796678, 0.799335200274, -0.232114455889, -0.452496253392
-0.283353034305, -0.924144756284, -0.500210518326, -0.439113162977, 0.93128509627
0.124756579563, 0.932423373132, 0.148007007935, -0.151612630343, -0.520970768765
0.044818958427, -0.00454119985547, 0.113941042545, -0.656525272813, 0.928587766571
-0.823965843931, 0.841944327853, 0.443984793367, -0.892356792589, -0.856532415624
-0.501059917786, -0.927349855497, -0.160383985945, -0.85240486025, -0.730899971184
0.756531601061, 0.517276639285, 0.374213939533, 0.0738113110689, -0.78217565518
0.828097984325, -0.550883649728, -0.674671231047, 0.96961810587, 0.729013101966
-0.700601686526, 0.0238695691439, -0.284071841279, 0.345201215685, -0.239461160088
0.668614411884, -0.368750445429, -0.748747228518, -0.110923919879, 0.280956497522
0.999625925801, 0.30981431826, -0.267056103135, 0.711208824643, 0.254207887053
0.200876696799, -0.44996892388, 0.975841922214, 0.529261062557, 0.105511445714
-0.288136332947, 0.676640658055, -0.801720234201, 0.915176962128, 0.921218500885
-0.142792716714, 0.216969192423, -0.3128438106, 0.258977527342, -0.606062439834
-0.060504040792, 0.37324068575, -0.660952994481, 0.121036034777, 0.906341080105
0.0201324653037, -0.540733402007, -0.692069377179, 0.952365334801, 0.7012183127
-0.718551865145, 0.307057026071, 0.677763354846, -0.344906426958, 0.246650595469
-0.871318645779, -0.670791982405, -0.493732328556, 0.660484032428, -0.382310000516
0.24934162347, -0.21058917953, 0.871434319882, -0.491691952118, -0.835906463308
0.697764993699, 0.315824023809, -0.562600399735, -0.925349773734, -0.165263160271
-0.115890182316, -0.821132055513, -0.0681645881942, 0.712648574252, 0.640362796132
0.460237719852, -0.458195641057, -0.3617437617, -0.81558050382, -0.876272376469
-0.803117779595, -0.406034227014, 0.877863597025, -0.233377049518, -0.942345433473
0.461485265717, -0.434973610633, -0.0459560499617, -0.429821461952, -0.379889018081
0.285760809102, 0.0834643343524, 0.845237088159, -0.854072568994, 0.852381077603
-0.723615542028, -0.992199967105, 0.199010803332, 0.308426696047, -0.863313393337
-0.654351309091, 0.728583147757, 0.59322709087, 0.218025753203, 0.999313766227
0.639716895829, 0.0350153702539, 0.169293067157, -0.74356799286, 0.226045423612
0.71625431189, 0.952689775179, -0.738979697861, -0.76168513303, -0.373757642391
-0.604669143396, 0.829295303346, 0.747268479874, 0.966902129022, 0.940647014072
-0.480223333475, 0.210308457335, 0.454320414078, 0.870664882638, -0.922635686054
-0.851391115939, -0.0486939621666, 0.296227704576, 0.500771053691, 0.893858936624
-0.395097994742, 0.520117012373, 0.673746086325, 0.300501057031, 0.45889877583
-0.645537342576, -0.216759508429, 0.733939497737, 0.297010995606, -0.0635680258671
0.965672115384, 0.619476071807, -0.22436453222, -0.00960296785681, -0.62482168337
0.962149796739, -0.356116502837, -0.648234379503, 0.762308157557, -0.835459714202
0.493930293338, 0.259607370053, 0.191856089928, -0.277670789183, -0.97287168988
-0.854566984531, -0.132947346066, 0.744515944486, 0.693540992772, -0.731548053057
0.0605528463219, -0.550207739342, -0.367579460288, 0.694292936499, -0.00195459986441
-0.0054657941752, 0.792170305378, -0.0177883111842, 0.180151901285, -0.237200926537
-0.317201825569, -0.490070929734, 0.550796307683, 0.556300394963, 0.0255262553779
0.238711152513, 0.444225709267, -0.594252728087, -0.0257619842712, 0.944385158382
-0.159860501222, -0.612988049747, -0.563799266259, 0.646779783546, -0.664026769355
-0.0147414500745, 0.343969312049, 0.690214521755, -0.0993362645369, 0.771197421816
-0.945044448127, -0.579924895086, 0.976920395334, 0.323233987626, -0.648424241759
-0.814109832559, 0.0728515347368, -0.933607461632, 0.717043268566, 0.700655441135
0.253458758998, -0.869581886654, -0.581569037852, -0.0962954308167, 0.92554963706
0.585967729414, 0.895313696786, 0.643556081495, -0.907536298867, 0.12964542359
-0.517882430797, -0.565247407696, -0.336122821133, 0.722705842187, -0.116214908736
0.933178107937, -0.97198594081, -0.687237673266, -0.979985786833, 0.827047976822
0.235897927034, -0.149884870456, 0.630939143519, -0.489951165802, -0.13395813544
0.420999603762, -0.252460630713, -0.934012077716, 0.516691690462, -0.316033411078
-0.87322716436, -0.645053022066, -0.510551179424, -0.54159474113, 0.399479357291
-0.627032814166, 0.180968122615, 0.536093782179, 0.269263229533, 0.95993529266
-0.81249174144, 0.719103459886, -0.640236474018, -0.121059808259, 0.973063927441
0.596124843973, -0.579911010757, -0.190244600172, 0.387885184524, -0.382141055012
-0.221774921026, -0.856232851414, -0.486005941529, 0.558953212065, 0.432282331774
0.129287899257, -0.400451722733, -0.560034143092, -0.370404259905, 0.90844039564
-0.279359545058, 0.016559566502, -0.0424019040133, 0.641634666023, 0.989191997615
0.0195883907577, -0.988078900352, 0.904947773935, 0.15892653939, -0.972092025319
0.60135137373, -0.0685006455056, -0.788894556624, -0.180436212445, -0.236421004071
0.591975164796, 0.744909472614, 0.519675601177, -0.497988070406, 0.610252211058
0.521155745727, 0.15249617333, -0.00173875538316, 0.874602991078, -0.778370177493
-0.189592393351, -0.932225386163, -0.759139269506, 0.264490176222, -0.183917351586
-0.48206556139, 0.563976916554, 0.773203449266, 0.585588297926, -0.962564624908
0.0144650893695, 0.955837108183, 0.498960529944, -0.188210946269, 0.58134989091
0.130574261046, 0.689075509184, 0.318053260353, -0.610273827179, 0.826115764339
-0.836903143874, 0.134007338103, 0.959535190006, -0.174982961272, -0.946423913558
0.00501968152511, -0.654368599127, 0.418289192099, 0.745635548159, -0.640777723235
-0.160790717667, -0.997012548491, -0.323665592781, -0.0836477858907, -0.979786375717
-0.28064264022, -0.731373707972, 0.686630496452, -0.0828238455571, 0.806320432505
-0.578517176311, -0.85310565353, -0.449560988612, 0.72922140832, -0.653828638029
-0.246430458511, 0.848208049948, 0.119617079265, 0.246295399963, -0.919679168381
0.597129267827, 0.911237813559, -0.4623604128, -0.214921186837, 0.376781594597
-0.146748067315, 0.684087062574, 0.778097241462, -0.139054645219, -0.0502461298013
0.606938752739, -0.757532371282, 0.117059536882, -0.73509097865, 0.39902168274
-0.356124064437, 0.686224341005, -0.765834390093, -0.457505645279, -0.875687439106
0.207812142226, -0.0934108671839, 0.0804054796274, 0.166019646811, -0.270449456182
0.238322809848, 0.48864878512, 0.946271709844, 0.808851139513, 0.993070171704
-0.170701698377, -0.520948040425, -0.448383283027, -0.0567063795371, -0.191647541539
0.477645321264, 0.729202367889, -0.23801016927, -0.423772743581, 0.147443692271
0.006106725962, -0.830720982037, -0.633451103141, 0.386395833321, 0.420498640054
0.884618174148, -0.638991258874, -0.150739863649, 0.82853582296, -0.537428417747
-0.766554427478, 0.887207980595, 0.981548833325, 0.415219246746, -0.331573306733
0.557757037969, 0.126945536777, -0.931460825799, -0.605764619174, 0.115289526983
-0.355644631693, 0.0905695106211, -0.50641151452, -0.991803667118, 0.14006323763
-0.305367950156, -0.255451957772, 0.60185783458, 0.838186236368, -0.626233609853
0.676373177815, -0.202960675668, -0.580150022982, 0.398139999111, 0.729589777283
0.0208760219557, 0.406398661592, -0.500756955749, 0.314386092859, 0.932139282937
-0.952103267921, -0.945250928218, 0.34745537709, -0.418558221825, 0.664951778693
-0.320801079684, 0.372493341878, 0.391249364272, -0.856062480515, -0.999922490438
0.383002103542, -0.288854092885, 0.304777960612, 0.253927399614, -0.678277703214
0.279474627304, 0.421541672069, 0.941498150565, -0.92591135609, 0.802890152014
0.4920960887, 0.519884027116, 0.904215626156, 0.895306876923, 0.987491816107
-0.754568510367, -0.171181156334, -0.118382108841, -0.0450225385559, 0.299579336751
0.503706539846, -0.510659764691, -0.161851228473, -0.0814826384905, -0.238919871805
0.886354003459, -0.0785189375146, 0.390386783279, 0.427036819083, 0.878863905942
0.752332399454, -0.831377712417, -0.13819037213, -0.781204709985, -0.0792659374229
-0.0377929192369, 0.492628561237, -0.191553790633, 0.416610198809, -0.126669786991
0.381591756549, 0.335299321151, -0.362870587792, -0.416433456934, 0.725061283349
-0.755372803386, 0.0245255260393, 0.498079209128, -0.681450417591, -0.55364798715
0.397452128622, 0.419785239016, 0.079772710354, 0.0542961164062, 0.569438020781
0.914506648265, -0.500894139937, -0.453074870039, 0.630494253099, 0.0898417786427
-0.364081637589, -0.655319499292, -0.432397632326, 0.489269533464, 0.969801378856
-0.87422498457, -0.458369953828, 0.827638170674, 0.248795117975, -0.709129741002
0.845205238373, -0.144767333692, -0.903857682729, 0.857704070358, 0.994390070429
-0.593960022143, 0.700481926771, -0.387484235895, -0.519591503684, 0.980368164861
-0.575425612384, -0.558318066057, 0.106238391887, 0.164771136253, -0.379926608351
-0.202022161411, -0.33299793801, -0.458576694149, 0.121123649226, 0.030638195658
0.693660894978, 0.320129738108, -0.9209690859, -0.803075917854, 0.940376030901
0.587647171489, 0.674518187272, -0.353592484258, -0.476723111479, 0.940137970529
-0.292759914822, 0.508414943195, 0.408928819814, 0.658610466488, 0.101448931135
0.706464767767, 0.293489675151, -0.0200239442345, -0.657399613515, 0.957133051003
-0.355661678504, 0.875458498792, 0.731248090952, 0.0135830899167, 0.514341217382
0.151801435126, 0.481085520933, 0.558819691357, 0.482711403578, 0.45253671397
-0.330812227761, 0.707680668054, 0.884461480741, -0.625619224742, -0.161254960231
0.452124607796, -0.470263390318, -0.283919729315, 0.470935084256, 0.707965525461
0.588250968068, -0.279652903189, 0.692190505256, 0.384136914466, -0.0623461669909
0.287725781986, 0.69027060408, 0.379862773796, -0.673516222719, 0.121155668413
-0.230317441252, 0.281560264371, 0.867056643873, -0.562726431545, -0.612324333605
-0.27996239627, 0.8948803724, 0.659168362709, 0.413005170797, 0.075246026296
-0.409169883813, -0.0688652474256, -0.29632714983, 0.0637528626559, -0.993899229836
-0.669289044586, -0.628667714857, -0.935990646634, -0.67712825717, 0.528500376647
0.0610759116824, -0.716112970479, 0.945198957167, 0.917151239017, 0.823111751911
-0.0536649243788, -0.106938056688, 0.68899832373, 0.845124907512, -0.0915256261924
0.295603343485, -0.387729281749, -0.492718250529, 0.307064661549, 0.888147238497
0.698047069062, 0.895166635717, 0.287433645883, -0.295292571603, -0.557621474807
-0.384602977711, 0.0517689316727, -0.829108348673, 0.718836647617, -0.0222102607855
0.740615005877, -0.98310349355, 0.439351481966, 0.333395689204, 0.719362720613
-0.657602136086, 0.576421388581, -0.731806072374, -0.590139247253, -0.999719393766
-0.169579120591, 0.600716433136, 0.189187907112, -0.684456095026, 0.683662183094
0.307605043304, 0.784258541684, 0.831033427337, -0.336223428795, -0.896028509386
-0.825606588493, -0.724671451463, 0.0206032505085, 0.234136788151, -0.703008622249
0.248581913146, -0.416383547528, 0.680502963721, -0.868419507259, 0.0372622485151
-0.276929076603, 0.480703174912, -0.0195300494572, 0.996734216455, -0.855398108121
0.0103815614432, 0.881778774358, -0.334751155994, 0.774934230813, -0.554258648947
-0.977178551475, 0.812888987911, -0.307352820164, 0.938664468175, -0.899466314069
0.835000791088, 0.490721421273, -0.191673138704, -0.414605398839, -0.144212874235
0.53236888004, -0.516490062578, -0.730612906003, 0.509135529785, -0.867996285895
0.55297144042, -0.534836825122, -0.701448332656, -0.480668858122, -0.604696107062
0.251717691771, 0.142990812054, 0.679132743882, -0.81361814998, -0.387097111176
0.314624195241, 0.933132450021, 0.341264784644, 0.509385416022, 0.988495921385
-0.990678691826, -0.718413870452, -0.410989067649, -0.914463622729, -0.824788907283
0.291840414987, 0.419499619456, 0.64346874799, -0.320638626351, 0.616804120909
0.2953021848, -0.758297206597, -0.420876529391, 0.686559409328, -0.197663258751
0.290035223183, -0.851615539307, 0.120410684535, 0.228944703881, -0.850000192014
-0.0116989039864, -0.373285129962, -0.850812948291, 0.922327570016, 0.999834744183
-0.193278668015, 0.637012751619, -0.617179762522, 0.898450345096, -0.0953198010724
0.973473678634, -0.928058289566, -0.505265765807, -0.713567715248, -0.776712526268
-0.0615445257287, -0.456495920574, -0.25478276213, -0.819855511545, -0.667866876587
0.683596349886, 0.956194072042, 0.20074410631, 0.894009341644, -0.965853952166
-0.527383780233, -0.717785621994, -0.509921207559, 0.954216896855, -0.175467467988
0.211014761258, 0.0628406307832, -0.362746396714, 0.202294008066, -0.530324248089
-0.350737401917, 0.138279272857, -0.755720586856, 0.403726340081, -0.654886120968
0.674000303554, 0.259844244416, -0.926921762274, -0.712988823062, 0.643145925264
-0.621290339597, 0.798807869918, 0.0936355106208, 0.600617077136, 0.979169880537
-0.585878270786, 0.706058884841, 0.562782193849, 0.164808951344, 0.913493104711
-0.996716553414, 0.734485323031, -0.420372786592, 0.954798608912, -0.533856877243
-0.187137151846, -0.954182674185, 0.437515884702, -0.62646077788, 0.21121874913
0.819415463719, -0.984417873517, -0.825891998243, 0.935060158014, 0.995893754492
0.201914152768, 0.713701322074, -0.956480461434, -0.481660796017, -0.282555089471
0.899203986669, -0.736822946904, 0.652729045157, 0.0137795471665, 0.970001472666
-0.774651755568, 0.599147992646, 0.106398063559, -0.443018237616, -0.155596751411
0.972332079982, 0.679388359311, -0.235985780013, 0.46654199186, 0.493323419128
-0.397525818687, -0.460816486308, 0.285559397428, -0.0982686604897, -0.992610488209
0.992003589017, -0.335074657781, -0.595565719755, 0.862003393612, -0.495339407142
-0.862430342891, 0.924610170678, 0.824249394077, -0.530283702279, -0.930074586971
0.628180250679, -0.953311452054, -0.843719794653, -0.134577520269, -0.636437787931
0.324904312614, 0.932447672873, 0.556369226625, -0.318388639202, 0.991933203214
-0.238626817943, -0.912654659059, 0.0198546978367, 0.741730388044, 0.420522254711
-0.241731043945, -0.982443549451, -0.422114827535, 0.529438961329, 0.88328260416
0.61366757398, 0.346593684105, 0.852977999089, -0.507968775379, -0.876150070509
0.134041182415, -0.643214568949, 0.418950493992, -0.803031648991, -0.933300854081
-0.265648597443, 0.107572484316, 0.880367169941, -0.650122951772, -0.0515749411444
0.645414541486, -0.371244413994, -0.977872907317, 0.359295110163, -0.546069063818
-0.233459600768, -0.196495772782, -0.623627003985, -0.066624750451, 0.999934710253
0.151732551945, 0.545282375462, 0.406078620147, -0.915349269448, -0.831478204968
-0.376020803573, -0.100484191521, -0.381199382137, 0.388290728247, 0.666093411197
-0.572362550767, 0.431806501937, -0.272156420747, -0.0247383131003, -0.917595181536
-0.578757570448, 0.687067193705, -0.991043078365, -0.501487489417, 0.111202420953
0.939855725434, 0.627735693134, 0.160761298798, -0.479355346809, 0.336836921077
0.636876645374, -0.642096940182, 0.738389420805, 0.222659616409, 0.141204704522
-0.34089072298, -0.0412095049343, -0.76302518473, -0.173016769552, 0.0300252096507
-0.377916451956, -0.878126150351, 0.8520143874, -0.362602171423, -0.986395261064
-0.100160853862, 0.595664457666, 0.621750281727, -0.0115415573172, 0.997913412648
0.703328567619, 0.472392617569, -0.766400631409, -0.0281863155779, 0.183744002721
0.596976322783, -0.909123819961, -0.782801317437, 0.862003432784, 0.603933968285
0.604685256353, 0.440845395568, -0.097613102091, -0.287031053423, -0.993973472236
-0.690132797083, 0.732240567121, -0.0892038100516, 0.180527290081, -0.428509698112
0.197259961214, 0.201032776888, 0.847268264743, -0.733000573356, 0.206296369414
0.264137174233, 0.378375759802, 0.460470580618, 0.0175675386494, -0.104144090485
0.597214854898, 0.359210929736, 0.278913947907, 0.946458984182, -0.903801438512
0.878633199717, -0.522609351564, 0.896538183028, -0.922096024689, 0.956922717833
0.964594984636, -0.775225917936, 0.486251389873, 0.108978157407, 0.267453338646
0.533412731203, -0.374332148597, 0.319835200637, -0.844363572148, -0.92273104794
-0.0609569132218, -0.797806318487, -0.488359026937, -0.963645781224, -0.191115288065
-0.542709292525, 0.912639728147, 0.412107136359, 0.759093457236, -0.705739841146
0.648939960851, -0.837655430234, -0.823234046409, 0.628558962081, -0.595562086715
0.417754123082, 0.963000121148, 0.0701066122748, -0.817811673539, -0.346773935722
-0.375339895526, -0.00630156792976, -0.947168829152, -0.14319804092, -0.988081522025
0.289689207137, 0.94396305228, 0.668990752592, -0.233241796391, 0.695514774717
-0.690802803869, -0.0960423203269, 0.532493909762, 0.687331036094, -0.745105673916
-0.394878600446, 0.53079941119, 0.137582386813, 0.946962933726, -0.98961042885
0.544448067261, 0.804683274017, -0.799956785008, 0.936628838273, 0.969187594754
0.473185421173, 0.441412597665, 0.413579231535, -0.185295554834, -0.179499265233
0.544912555588, -0.898365187003, 0.0329907271289, 0.194182728705, -0.388364799084
-0.380455524867, -0.486401512659, 0.589830998235, 0.18899885871, 0.996000287912
0.647269212283, 0.816193583918, 0.43025358771, -0.537903177409, 0.822555725053
-0.0189766063603, 0.205508708781, -0.313286219466, -0.0349508051693, -0.999942700486
0.165332105743, -0.900079181064, 0.50616550038, -0.246733975115, 0.794756999874
0.350362108919, 0.286869803255, 0.307410998939, 0.812699444265, -0.741288364753
0.864735819824, 0.163097468243, 0.454751247748, -0.262085093507, 0.510958412467
0.567408691107, 0.134470460557, -0.776113597055, 0.671883986129, -0.667013889198
0.443529651468, 0.459777880375, 0.261679063819, 0.104990463513, -0.948592615524
0.0495640736168, -0.597796602639, -0.806675826822, 0.594646762796, -0.827109041168
0.721896547212, 0.541594765252, -0.661655118526, -0.26022543317, 0.677306834743
0.0512976932765, 0.844555603961, 0.927665926467, -0.710668222247, 0.636823998414
0.760374731559, -0.408767955473, 0.913483219148, -0.648776259523, 0.207208381428
0.727923371478, -0.135447962851, 0.105383244678, 0.27919959211, -0.987648630702
0.463236716443, 0.385840803362, -0.758702535506, 0.586561656772, -0.986379189645
-0.729581289386, -0.449028824328, 0.0722742449161, -0.139285348056, 0.00159351382422
0.990192617678, -0.582952555465, -0.662349481587, -0.130589151374, 0.892554677863
0.880489161794, 0.408577468512, 0.22136175067, -0.179911513784, -0.958511008349
-0.720433130201, -0.880466912562, 0.141241054741, -0.977850522607, -0.898170814834
0.32155427457, 0.804462909509, 0.0569606154999, -0.361906068468, -0.86681413826
0.980085598659, -0.742104367535, -0.456109439978, 0.441809361697, 0.997765397959
0.088461120593, 0.15676366655, -0.510719857647, 0.280850779212, 0.898391030856
0.889448215625, 0.628316045649, -0.379770499797, 0.769056362448, -0.661755923975
-0.250153165653, -0.315089327848, 0.936561033802, 0.00391160679938, -0.99825493376
-0.982318041615, 0.492572599394, -0.358878415882, 0.813498435398, -0.861104435449
0.504521558712, -0.774679361779, 0.328818928488, -0.648108518682, 0.553428432196
0.297380972531, 0.472534135731, 0.119706780981, -0.857792451878, -0.722261641295
-0.0436742191416, 0.180635635791, 0.605706781801, -0.952088033778, 0.284722694692
-0.468579552499, -0.940226488875, -0.545234785513, -0.250076613241, 0.959748354072
-0.624913760312, 0.551396652755, 0.333361051271, 0.923742983688, -0.922701817958
0.479448002867, 0.228869236875, -0.558746418061, 0.0196568845869, 0.769802589395
0.0805424265375, 0.00900575158565, -0.950911541895, 0.576664409828, 0.125133655032
-0.982875923351, 0.281308323465, 0.0761621660506, -0.42883028812, -0.349443881275
-0.731745701064, -0.824763193953, -0.538271552157, 0.153997149632, 0.774727461856
-0.208809529434, 0.76044281894, -0.9776272297, 0.17143749326, -0.877259597104
-0.904459324433, -0.433794731767, 0.285659507844, -0.853069763785, -0.909588196746
-0.599967414498, 0.00738781681075, 0.725512328023, 0.824992527143, -0.00930632490741
0.143839074155, 0.0464899102886, -0.315228960144, 0.925882222049, -0.937314443989
0.556994191915, 0.35495897632, 0.0771853743117, -0.697357156968, 0.743189402828
-0.40862729712, 0.0154014831342, -0.453175466848, 0.525265804408, 0.793539299636
0.207035783464, 0.579130837111, -0.344399677134, -0.465730170196, 0.8819497838
0.0289769144861, 0.0243734805901, -0.85063651331, 0.793947018141, 0.597431360356
-0.796754866889, -0.0838339163327, 0.514050746898, 0.694074480856, -0.705462487902
-0.811621607586, -0.502814597332, 0.417910577819, -0.181814340502, -0.154295958994
0.120517697085, -0.000998629496205, 0.430626846028, -0.585415931722, 0.553515794091
0.774364066998, 0.587838118726, 0.488186008595, -0.715374428743, -0.722056174849
0.0609625981649, 0.166969734367, 0.856580752794, 0.923977986288, 0.999452335945
-0.527291342871, -0.368427882345, -0.87644852671, -0.595392629547, -0.389451120989
-0.182561801891, -0.362088698659, 0.930454737171, 0.760209028614, 0.851941436384
0.323667087432, 0.831266396215, 0.825279262746, 0.740794687337, 0.0942030023202
0.665861815571, -0.728813079747, 0.224841189901, 0.853200445409, -0.824494845099
-0.271999880813, -0.0609987377124, -0.199597896028, 0.909911535692, -0.994030958162
-0.86465944888, -0.662121489382, 0.418015882829, 0.820296720008, -0.976304208754
-0.0947483719324, -0.320931781253, 0.152031698853, 0.819082547457, -0.458888470057
0.550827373489, -0.362778325781, -0.708030238475, 0.844902889076, 0.0278866635904
-0.357472901304, 0.899193648111, 0.265904254575, -0.827234013352, -0.741440041028
-0.774653989107, 0.505520816918, 0.112105034551, 0.573458384719, 0.90472947422
-0.511825519814, -0.0506968708673, 0.366054464591, 0.148870825563, -0.689429250131
-0.385540607712, 0.368258676162, 0.0594356583016, -0.58997441635, 0.938139759413
0.642532267307, -0.542151954915, 0.637398479063, -0.963347947213, 0.527526010036
-0.925912162521, -0.0557595787638, -0.686384310678, -0.900085389603, 0.31814954877
-0.492875903488, 0.965136869141, 0.314424965727, 0.989440955038, -0.575804388466
-0.908926712445, 0.68610264772, 0.178197414769, 0.652724427062, 0.885636962259
0.544163791412, 0.763595311815, -0.250237326802, 0.746868969752, -0.0227668563128
0.246844585428, -0.526988553, -0.839074913923, -0.581002757807, -0.71009994924
-0.211549317484, -0.224423831839, -0.0195209337632, -0.354632397947, -0.917080971481
0.554683516684, -0.900152562107, -0.331174263183, -0.37427336891, 0.281330091105
0.458729500043, 0.684342382584, -0.597080561836, 0.655501032963, -0.84828380097
-0.392178987629, 0.827957260351, -0.266916721877, 0.612552452026, 0.921598033231
-0.842738915785, -0.349994459739, -0.336211192959, 0.759389527923, -0.435774849039
-0.114711867899, 0.858080494678, -0.72248820759, -0.975654840621, 0.91063547275
